geo,geo_label,year,value
ES,ES (España),2025,20.27
LT,LT,2025,21.3
EA,EA,2025,21.37
MT,MT,2025,21.56
SI,SI,2025,21.61
EE,EE,2025,23.4
DE,DE,2025,25.97
NO,NO,2025,28.89
AT,AT,2025,29.95
NL,NL,2025,33.21
LU,LU,2025,33.61
BE,BE,2025,34.54
SE,SE,2025,35.04
FI,FI,2025,37.82
DK,DK,2025,42.03
