geo,year,value
DK,2025,42.03
FI,2025,37.82
SE,2025,35.04
BE,2025,34.54
LU,2025,33.61
NL,2025,33.21
AT,2025,29.95
NO,2025,28.89
DE,2025,25.97
EE,2025,23.4
SI,2025,21.61
MT,2025,21.56
EA,2025,21.37
LT,2025,21.3
ES,2025,20.27
